1968,GOLD AM,,GOLD PM,,SILVER,
,$,£,$,£,¢,p
Jan High,35.1975,14.6406,,,222.5,92.5
Jan Low,35.1375,14.576,,,196,81.25
Jan Avg,35.1773,14.6015,,,209.2136,86.8419
Feb High,35.1988,14.6406,,,210.5,87.5
Feb Low,35.1913,14.5927,,,191.9,79.5833
Feb Avg,35.1958,14.6048,,,199.7048,82.8671
Mar High,35.1988,14.726,,,249,104.1667
Mar Low,35.1963,14.6417,,,211.9,88.3333
Mar Avg,35.198,14.6802,,,225.01,93.7708
Apr High,39.1,16.3146,39.1,16.3125,239.7,100
Apr Low,36.7,15.2521,36.95,15.3563,210.4,87.5
Apr Avg,37.8775,15.7707,37.8625,15.7642,225.52,93.901
May High,42.6,17.8583,42.4,17.775,255.4,107.0833
May Low,39.1,16.3104,39.1,16.3188,224.5,93.75
May Avg,40.6913,17.0306,40.7413,17.0342,241.4957,101.0779
June High,42.1,17.6375,41.9,17.5521,257.6,107.9167
June Low,40.2,16.8542,40.7,17.0542,242.1,101.4583
June Avg,41.1105,17.238,41.1421,17.2521,247.8316,103.9145
July High,41.1,17.25,41.15,17.2708,251.2,105.4167
July Low,37.8,15.8,37.75,15.7813,223.5,93.3333
July Avg,39.5304,16.5434,39.4674,16.5168,235.6913,98.6322
Aug High,40.3,16.8458,40,16.7375,233.2,97.5
Aug Low,38.45,16.0625,38.45,16.0604,206.4,86.25
Aug Avg,39.1705,16.3788,39.1909,16.3892,220.9591,92.3958
Sept High,40.55,16.9688,40.5,16.9479,227.4,95.4167
Sept Low,39.7,16.6292,39.6,16.5729,216.8,90.8333
Sept Avg,40.2025,16.8394,40.185,16.8313,222.5,93.1979
Oct High,39.8,16.6542,39.775,16.6417,214,89.5833
Oct Low,38.3,16.0271,38.9,16.275,184.2,77.0833
Oct Avg,39.2098,16.4088,39.2076,16.4056,198.8304,83.1975
Nov High,40.75,16.9063,40.55,16.8813,210.5,89.5833
Nov Low,38.9,16.2646,39.175,16.3833,190.3,79.5833
Nov Avg,39.7952,16.6243,39.7786,16.6269,200.7722,84.8264
Dec High,42,17.6146,41.9,17.5729,203.6,85.4167
Dec Low,39.9,16.7229,40.15,16.8313,193.7,81.25
 Dec Avg,41.1125,17.2434,41.0837,17.2307,197.94,83.0208
1968 High,42.6,17.8583,42.4,17.775,257.6,107.9167
1968 Low,35.1375,14.576,36.95,15.3563,184.2,77.0833
1968 Average,38.8292,16.2179,39.8282,16.6627,218.9167,91.4325


1969,GOLD AM,,GOLD PM,,SILVER,
,$,£,$,£,¢,p
Jan High,42.75,17.9208,42.7,17.9,204.2,85.625
Jan Low,41.8,17.525,41.8,17.5292,195.8,82.0833
Jan Avg,42.2909,17.7173,42.303,17.7223,199.9182,83.7547
Feb High,42.775,17.8771,42.8,17.8854,199.1,83.2292
Feb Low,42.475,17.7563,42.425,17.7417,177,73.9583
Feb Avg,42.6163,17.8204,42.6025,17.814,186.32,77.9063
Mar High,43.75,18.2979,43.825,18.3458,192.5,80.625
Mar Low,42.75,17.8625,42.7,17.8417,179.7,75.1042
Mar Avg,43.1714,18.0503,43.1588,18.0457,184.219,77.0337
Apr High,43.6,18.2563,43.6,18.2688,183.5,76.6667
Apr Low,42.9,17.8979,42.975,17.9333,177,73.9583
Apr Avg,43.295,18.0907,43.3145,18.0994,180.015,75.2135
May High,43.65,18.3208,43.625,18.3104,184.6,77.5
May Low,43.075,18.0333,43.075,18.0271,174.9,73.2292
May Avg,43.4607,18.2097,43.4643,18.2115,177.5476,74.3998
June High,42.95,17.9667,42.675,17.8521,177.3,74.1667
June Low,40.7,17.0354,40.625,17.0104,155.9,65.2083
June Avg,41.4417,17.3403,41.4352,17.3386,165.7286,69.3452
July High,42.1,17.6104,42.1,17.6125,168.3,70.4167
July Low,41.1,17.1771,41.15,17.1979,157,65.625
July Avg,41.7552,17.4667,41.7589,17.4678,163.2783,68.3062
Aug High,41.45,17.3729,41.43,17.3292,170.7,71.6667
Aug Low,40.9,17.1563,40.86,17.1438,159.9,66.875
Aug Avg,41.1281,17.2387,41.0876,17.2226,165.8762,69.5337
Sept High,41,17.1813,41.05,17.2188,189.1,79.375
Sept Low,40.65,17.0521,40.625,17.0521,168.8,70.8333
Sept Avg,40.8645,17.1401,40.8733,17.1439,178.7095,74.9802
Oct High,40.99,17.1729,40.95,17.1583,194.7,81.25
Oct Low,39.85,16.6354,39.75,16.5917,180.8,75.625
Oct Avg,40.4761,16.9359,40.4411,16.9197,186.0391,77.8351
Nov High,39.575,16.5208,39.55,16.5104,199.6,83.3333
Nov Low,35.35,14.7479,35.45,14.7896,186.8,77.9167
Nov Avg,37.4515,15.627,37.4038,15.6084,192.6,80.3646
Dec High,35.525,14.8208,35.55,14.8333,192.2,80.2083
Dec Low,35,14.6042,35,14.6,172.2,71.875
 Dec Avg,35.1893,14.6795,35.1698,14.671,180.3143,75.2133
1969 High,43.75,18.3208,43.825,18.3458,204.2,85.625
1969 Low,35,14.6042,35,14.6,155.9,65.2083
1969 Average,41.0998,17.1954,41.1126,17.2011,179.9665,75.292


1970,GOLD AM,,GOLD PM,,SILVER,
,$,£,$,£,¢,p
Jan High,35.125,14.6396,35.175,14.6521,192.1,80
Jan Low,34.775,14.4854,34.75,14.4771,180,75
Jan Avg,34.946,14.5585,34.9417,14.5563,185.9238,77.4504
Feb High,35.025,14.5708,35.025,14.5708,192.3,80
Feb Low,34.95,14.5292,34.95,14.5188,186.6,77.5
Feb Avg,34.9938,14.5538,34.9943,14.5524,189.17,78.6667
Mar High,35.3,14.6771,35.31,14.675,192.8,80.1042
Mar Low,34.95,14.5271,34.95,14.5229,185.6,77.1875
Mar Avg,35.0885,14.5839,35.0858,14.5831,188.045,78.1563
Apr High,35.975,14.9479,35.95,14.9333,189,78.5417
Apr Low,35.28,14.6667,35.28,14.6667,172.4,71.6667
Apr Avg,35.6234,14.8045,35.6193,14.8026,184.7091,76.7614
May High,36.24,15.0625,36.225,15.0625,175.4,72.9167
May Low,35.5,14.7833,35.45,14.7625,156.8,65.3125
May Avg,35.9583,14.9565,35.9495,14.9565,168.1,69.9219
June High,35.7,14.8771,35.65,14.8625,168.5,70.2083
June Low,35.175,14.6625,35.125,14.6375,160.7,67.0833
June Avg,35.4373,14.7775,35.4245,14.7732,163.9727,68.3854
July High,35.5,14.8208,35.49,14.8146,178.3,74.5833
July Low,35.275,14.7583,35.275,14.7521,159.6,66.7708
July Avg,35.3293,14.7775,35.3211,14.7747,168.113,70.3238
Aug High,35.87,15.0458,35.8,15.0208,186.5,78.2292
Aug Low,35.25,14.75,35.225,14.7417,172.7,72.2917
Aug Avg,35.3773,14.8132,35.3798,14.8148,179.31,75.0833
Sept High,36.35,15.2563,36.4,15.2438,186.8,78.3333
Sept Low,35.85,15.0438,35.925,15.0771,170.1,71.25
Sept Avg,36.1961,15.1778,36.1934,15.1748,180.45,75.6061
Oct High,39.19,16.4021,39.01,16.3271,179.9,75.3125
Oct Low,36.275,15.2042,36.325,15.2229,170.6,71.5104
Oct Avg,37.5527,15.73,37.518,15.7142,174.6409,73.1534
Nov High,37.9,15.8646,37.675,15.7625,182.4,76.3542
Nov Low,36.8,15.3833,36.75,15.3646,165.3,69.1667
Nov Avg,37.4548,15.6701,37.4405,15.663,175.881,73.5789
Dec High,37.71,15.7771,37.675,15.7479,166.7,69.6875
Dec Low,36.975,15.475,37.1,15.5229,157.9,66.0938
 Dec Avg,37.4339,15.6577,37.4345,15.659,163.0273,68.1937
1970 High,39.19,16.4021,39.01,16.3271,192.8,80.1042
1970 Low,34.775,14.4854,34.75,14.4771,156.8,65.3125
1970 Average,35.9635,15.0121,35.9501,15.0064,176.5749,73.6934



1971,GOLD AM,,GOLD PM,,SILVER,
,$,£,$,£,¢,p
Jan High,38.275,15.9375,38.15,15.8375,170.9,71.25
Jan Low,37.325,15.5917,37.39,15.6042,156.2,64.6875
Jan Avg,37.8675,15.7451,37.8738,15.7439,163.425,67.9453
Feb High,39.05,16.152,38.95,16.11,162,66.9792
Feb Low,38.1,15.759,38.175,15.789,157.5,65.1
Feb Avg,38.716,16.0153,38.744,16.0248,159.545,65.9856
Mar High,39.075,16.151,39.04,16.136,169.1,69.9
Mar Low,38.7,16.006,38.69,16.01,159.9,66.2
Mar Avg,38.8728,16.0727,38.8707,16.0709,166.013,68.6391
Apr High,39.6,16.368,39.7,16.409,175.4,72.6
Apr Low,38.825,16.081,38.85,16.06,167.2,69.1
Apr Avg,39.001,16.131,39.0143,16.1352,172.035,71.15
May High,41.2,17.032,41.2,17.03,170,70.3
May Low,39.42,16.294,39.43,16.297,160.1,66.2
May Avg,40.4925,16.7411,40.5155,16.7495,166.12,68.68
June High,40.85,16.896,40.84,16.895,164.3,67.9
June Low,39.49,16.332,39.55,16.35,157.5,65.1
June Avg,40.1048,16.58,40.102,16.5779,160.3545,66.2909
July High,42.475,17.564,42.4,17.529,160.2,66.2
July Low,40.1,16.576,40.24,16.634,154.3,63.8
July Avg,40.9293,16.9226,40.9518,16.9313,157.2591,65.0182
Aug High,43.4,17.901,43.94,18.162,162.6,67.2
Aug Low,41,16.606,40.65,16.511,150.2,61
Aug Avg,42.7218,17.5218,42.7275,17.5056,158.6813,65.3667
Sept High,42.725,17.224,43.15,17.402,150.2,61.1
Sept Low,40.7,16.575,41.1,16.736,137.2,55.4
Sept Avg,41.9764,16.9989,42.0216,17.0181,141.6227,57.3636
Oct High,42.6,17.111,42.7,17.153,138,55.5
Oct Low,42.175,16.968,42.34,16.998,129.3,51.9
Oct Avg,42.4762,17.0545,42.5043,17.0637,132.5048,53.1952
Nov High,43.65,17.503,43.66,17.507,133.6,53.6
Nov Low,42.125,16.905,42.15,16.915,127.2,51
Nov Avg,42.842,17.1822,42.8584,17.1886,131.0818,52.5682
Dec High,43.9,17.565,43.975,17.596,142.6,56.4
Dec Low,42.4,16.811,42.72,16.887,132.4,53.1
 Dec Avg,43.4464,17.2343,43.477,17.2491,138.415,54.8762
1971 High,43.9,17.901,43.975,18.162,175.4,72.6
1971 Low,37.325,15.5917,37.39,15.6042,127.2,51
1971 Average,40.7955,16.6715,40.8103,16.6745,153.7,63.0056



1972,GOLD AM,,GOLD PM,,SILVER,
,$,£,$,£,¢,p
Jan High,47,18.143,47.35,18.272,152.1,58.7
Jan Low,43.725,17.122,44,17.239,137.4,53.8
Jan Avg,45.6402,17.7537,45.751,17.796,146.281,56.9095
Feb High,48.7,18.683,49.25,18.891,154.8,59.4
Feb Low,47.45,18.244,47,18.073,146.8,56.3
Feb Avg,48.2367,18.5289,48.2633,18.538,150.5238,57.8143
Mar High,48.47,18.571,48.46,18.552,156.3,59.7
Mar Low,47.8,18.234,48.025,18.305,147.5,56.6
Mar Avg,48.2884,18.4414,48.3273,18.453,152.85,58.3705
Apr High,49.5,18.97,49.6,18.994,159.8,61.1
Apr Low,48.3,18.497,48.29,18.491,154.2,59.1
Apr Avg,49.0261,18.7834,49.0303,18.7837,156.6842,60.0316
May High,59.3,22.687,59.45,22.745,160.4,61.4
May Low,50.2,19.224,50.35,19.282,155,59.3
May Avg,54.5,20.86,54.6182,20.9048,158.2818,60.5909
June High,66.75,26.394,64.85,26.458,159,63.9
June Low,58.8,22.511,59.225,22.667,153.7,58.85
June Avg,62.1705,24.071,62.092,24.0732,156.81,61.0591
July High,68.9,28.117,68.3,27.872,183.9,75.1
July Low,64.25,26.348,64.85,26.412,155.5,63.8
July Avg,65.5583,26.8343,65.6655,26.864,171.8095,70.281
Aug High,70,28.578,70,28.578,190.8,77.9
Aug Low,64.75,26.407,65.15,26.544,178.9,72.9
Aug Avg,66.917,27.3078,67.0341,27.3528,183.7273,74.9818
Sept High,67.2,27.473,67.25,27.488,191.2,78.1
Sept Low,63.4,26.057,61.25,25.028,168.7,69
Sept Avg,65.5893,26.852,65.4655,26.8052,178.0905,72.919
Oct High,65.7,27.662,65.6,27.668,185.3,77.8
Oct Low,64.1,26.442,64.1,26.449,174.1,71.9
Oct Avg,64.8236,27.0443,64.8643,27.0701,180.0136,75.1386
Nov High,64.125,27.334,64.15,27.35,185.7,78.9
Nov Low,60.1,25.589,60.35,25.679,178.9,76.2
Nov Avg,62.7257,26.6752,62.912,26.751,182.2636,77.5364
Dec High,65.4,27.88,65.4,27.911,203.1,86.6
Dec Low,62.75,26.827,62.9,26.862,186.8,79.6
 Dec Avg,63.7789,27.1942,63.9092,27.252,195.0947,83.2079
1972 High,70,28.578,70,28.578,203.1,86.6
1972 Low,43.725,17.122,44,17.239,137.4,53.8
1972 Average,58.1739,23.3793,58.2305,23.4044,167.6897,67.3498



1973,GOLD AM,,GOLD PM,,SILVER,
,$,£,$,£,¢,p
Jan High,66.2,27.83,66.075,27.804,204.6,87.05
Jan Low,64.1,27.24,63.9,27.156,195.6,82.9
Jan Avg,65.1268,27.6488,65.1386,27.6475,200.0364,84.9227
Feb High,89,35.851,86.5,35.22,245.9,99.3
Feb Low,66.4,27.835,66.6,27.866,203,85.15
Feb Avg,73.9713,30.5406,74.1975,30.64,221.7,91.1125
Mar High,91.5,36.886,90,36.334,249.2,102.1
Mar Low,80.25,32.543,80,32.402,214.7,87.1
Mar Avg,84.1047,33.9697,84.3716,34.094,223.2438,92.1409
Apr High,91.25,36.706,91.25,36.683,224.7,90.4
Apr Low,89.25,35.982,89.25,35.988,209.5,84.4
Apr Avg,90.4408,36.4198,90.4961,36.4356,217.9632,87.7816
May High,114.5,44.596,114.75,44.728,255.1,99.4
May Low,90.3,36.239,90.3,36.239,211.5,84.9
May Avg,101.6227,40.1174,101.9591,40.2331,234.4409,92.6182
June High,127,49.035,126,48.752,273.4,105.7
June Low,115.5,44.898,115.5,44.881,246.2,95.7
June Avg,119.8,46.488,120.119,46.6083,258.4048,100.3214
July High,127,49.301,127,49.324,296.3,117.05
July Low,114,45.359,114.25,45.007,266.8,104.1
July Avg,120.3636,47.3295,120.1659,47.2638,281.1773,110.6341
Aug High,117,46.462,117.5,46.701,291.6,115.9
Aug Low,92.5,37.407,94,38.173,255.6,103.9
Aug Avg,106.225,42.858,106.7614,43.0784,267.4909,107.9682
Sept High,106.975,44.694,106.1,43.885,277.7,114.6
Sept Low,100,41.475,100,41.42,252.2,105
Sept Avg,103.0338,42.6001,102.97,42.5542,263.285,108.8725
Oct High,103.75,42.845,103.75,42.846,299.9,122.25
Oct Low,97,39.909,96.75,39.996,270.1,111.95
Oct Avg,99.9228,41.1506,100.0772,41.1906,284.8522,117.2826
Nov High,101.5,43.439,101.75,43.46,295.5,126.4
Nov Low,89.75,37.597,90,37.602,275.7,115.6
Nov Avg,94.6455,39.5987,94.9159,39.7233,283.1455,118.4795
Dec High,112.75,48.656,112.25,48.306,325.6,140.2
Dec Low,100,42.739,100.25,42.825,291.7,124.7
 Dec Avg,106.2361,45.7955,106.7194,46.0122,309.1056,133.2583
1973 High,127,49.301,127,49.324,325.6,140.2
1973 Low,64.1,27.24,63.9,27.156,195.6,82.9
1973 Average,97.1174,39.5427,97.3157,39.6221,254.571,103.6334




1974,GOLD AM,,GOLD PM,,SILVER,
,$,£,$,£,¢,p
Jan High,141.75,65.428,141,64.105,401.5,181.6
Jan Low,114.75,49.596,116.5,50.459,327.1,141.9
Jan Avg,129.0273,58.0703,129.1909,58.0949,359.3227,162.0159
Feb High,178,76.906,175,75.594,676.1,293
Feb Low,132,57.718,130.5,57.312,404.2,176.8
Feb Avg,150,65.8618,150.2325,65.97,526.495,231.185
Mar High,177,75.814,177.5,75.34,573.4,252.7
Mar Low,158.25,67.918,159,68.505,501.3,215
Mar Avg,168.2976,71.9487,168.4214,71.9011,535.1667,228.919
Apr High,179.5,74.948,179.5,74.87,561.7,232.1
Apr Low,166.75,68.876,167,69.607,434.3,184
Apr Avg,172.2175,72.0143,172.235,72.0195,501.415,209.71
May High,170.5,70.674,169.65,70.056,601.9,249.4
May Low,154.25,64.405,154,64.354,461.8,193
May Avg,163.5682,67.7248,163.2682,67.6052,536.6773,222.3068
June High,160.75,66.563,161.75,67.2,520.3,216.6
June Low,143.65,60.357,144.25,60.399,448.4,188.5
June Avg,154.0125,64.4214,154.1,64.4549,482.745,202.005
July High,160.5,67.051,157.5,65.825,503.3,210.6
July Low,131.5,55.074,129,53.977,378.7,158.7
July Avg,142.2826,59.5496,142.9783,59.8257,434.8565,182.0478
Aug High,157.5,67.328,159.4,67.285,495,208
Aug Low,152.25,64.105,151.5,64.141,411.6,177.5
Aug Avg,154.3619,65.739,154.6381,65.8787,444.2,189.1667
Sept High,158.5,68.638,158.5,68.544,424.5,183
Sept Low,144,62.026,145.4,62.554,382.6,165.1
Sept Avg,151.6595,65.465,151.9095,65.5064,404.5143,174.6619
Oct High,169.5,72.631,168.25,72.056,514.9,220.8
Oct Low,153.5,65.699,154,65.953,442.6,189.6
Oct Avg,158.5326,67.9528,158.7761,68.0414,478.5,205.1587
Nov High,190,81.812,190.5,81.865,506.1,217.4
Nov Low,168.6,71.938,167.75,71.743,421,181.15
Nov Avg,181.4833,77.9483,181.6548,78.023,468.1143,201.0571
Dec High,197.5,84.193,195.25,83.244,477.5,203.9
Dec Low,170.5,73.352,174.25,74.885,416.8,179.5
 Dec Avg,183.6825,78.8495,183.85,78.8966,441.605,189.5925
1974 High,197.5,84.193,195.25,83.244,676.1,293
1974 Low,114.75,49.596,116.5,50.459,327.1,141.9
1974 Average,158.7636,67.8193,158.846,67.833,467.1508,199.5299



1975,GOLD AM,,GOLD PM,,SILVER,
,$,£,$,£,¢,p
Jan High,185,79.127,180.25,76.599,445.4,189.8
Jan Low,171.25,72.779,169.5,71.99,398.8,167.1
Jan Avg,176.8636,74.8541,176.2682,74.581,422.9545,178.9955
Feb High,186.25,77.109,185.25,77.004,467.6,194.7
Feb Low,173.5,72.89,173.4,73.033,410.9,172.8
Feb Avg,179.5525,74.9835,179.59,74.9488,439.335,183.4525
Mar High,181.6,74.671,181.85,74.743,449.8,186.3
Mar Low,176.5,73.22,176.25,72.785,424,175.5
Mar Avg,178.2026,73.6546,178.1579,73.6356,438.4105,181.2132
Apr High,177.65,73.747,177.25,73.6,442.6,188
Apr Low,164.25,69.695,164,69.409,408.5,172.1
Apr Avg,170.0659,71.7377,169.8432,71.618,423.3818,178.6182
May High,172.75,74.542,174.75,75.013,474.2,204.35
May Low,163.5,69.932,163.5,69.723,430,182.95
May Avg,167.2929,72.0412,167.3905,72.0704,453.3476,195.2905
June High,166,75.174,166.25,76.349,457.7,208.2
June Low,162.25,70.509,161.75,69.777,441.4,189.8
June Avg,164.25,71.9282,164.2381,71.9975,448.8048,196.7714
July High,167.75,77.467,168.4,77.582,513.9,236.5
July Low,162.75,74.055,162.5,74.154,451,205.2
July Avg,164.8674,75.4348,165.1652,75.5654,469.2826,214.8761
Aug High,166.5,78.474,166.75,78.225,521.1,248.1
Aug Low,161.4,76.354,159.8,75.699,463.4,219.5
Aug Avg,163.1675,77.1454,162.9975,77.0186,492.69,233.005
Sept High,154.25,73.132,155,73.47,458.2,220
Sept Low,128.75,62.515,128.75,62.774,439.4,208.05
Sept Avg,144.3114,69.1143,144.0932,69.037,449.2682,215.3864
Oct High,146,71.035,146.25,71.064,454.5,223.3
Oct Low,137.5,67.237,138.9,68.128,418.4,201.7
Oct Avg,142.6913,69.3538,142.7565,69.3743,433.4783,210.863
Nov High,146.5,70.944,145.9,70.62,445.4,215.8
Nov Low,138.25,68.549,138.15,68.374,420.1,202.5
Nov Avg,142.565,69.4866,142.415,69.4137,432.085,210.69
Dec High,142,70.227,142.4,70.446,424.6,209.9
Dec Low,137,67.678,137.25,67.801,392.8,194.05
 Dec Avg,139.2786,68.8811,139.3025,68.8778,408.9095,202.2357
1975 High,186.25,79.127,185.25,78.225,521.1,248.1
1975 Low,128.75,62.515,128.75,62.774,392.8,167.1
1975 Average,160.8659,72.3515,160.8775,72.326,442.5634,200.253


1976,GOLD AM,,GOLD PM,,SILVER,
,$,£,$,£,¢,p
Jan High,140.35,69.36,140.35,69.336,427.25,210
Jan Low,124,61.427,124.6,61.322,383,189.05
Jan Avg,131.6952,64.908,131.4881,64.7899,406.6595,200.5
Feb High,133.65,65.967,133.4,65.841,425.8,210.2
Feb Low,128.4,63.345,128.75,63.439,394.3,194.05
Feb Avg,130.94,64.5957,131.07,64.6571,408.77,201.6425
Mar High,134.3,69.996,134.25,69.643,429.9,223.7
Mar Low,128.6,64.966,128.7,64.911,402.9,204.75
Mar Avg,132.6761,68.1759,132.5783,68.1917,419.6761,215.8391
Apr High,129.25,70.431,129.2,70.524,456.5,250.5
Apr Low,127.1,67.696,127.2,67.939,408.6,217.85
Apr Avg,127.91,69.1818,127.94,69.2428,434.57,235.3175
May High,128.25,71.191,128.45,71.226,466.9,263.1
May Low,124.4,69.19,124.5,69.407,435.9,237.7
May Avg,126.9125,70.0042,126.935,70.1347,447.375,247.2425
June High,127,74.276,127.4,74.126,494.1,278.4
June Low,123.8,69.469,123.7,69.418,463,264.25
June Avg,125.6841,71.2082,125.7091,71.26,478.4318,271.2705
July High,123.25,69.059,123.3,68.878,508.4,282.15
July Low,110,61.659,107.75,60.466,443.8,249.6
July Avg,117.8659,65.9499,117.7545,65.8837,476.5591,266.765
Aug High,113.65,63.726,113.55,63.576,447.1,250.1
Aug Low,103.05,58.047,103.5,58.409,410.5,231.3
Aug Avg,113.65,63.726,113.55,63.576,447.1,250.1
Sept High,120.75,70.678,119.9,70.906,444.5,264.8
Sept Low,104,58.598,105.7,59.556,408.8,230.4
Sept Avg,114.0977,66.0066,114.1455,65.9998,430.25,248.7705
Oct High,123.5,78.713,123.15,78.319,436,273.95
Oct Low,113.65,68.288,114,68.208,413.1,249.2
Oct Avg,116.0952,70.8239,116.1429,70.863,422.5476,257.65
Nov High,138.2,84.027,138.85,84.551,457,278.25
Nov Low,122,76.492,122.5,76.167,425.2,257.7
Nov Avg,130.3409,79.6165,130.4636,79.6775,435.9091,266.3705
Dec High,137,82.002,137.65,82.292,438.9,263.95
Dec Low,130.5,78.454,130.5,78.36,424.2,254.55
 Dec Avg,133.6738,79.6862,133.8775,79.7862,433.9857,258.7333
1976 High,140.35,84.027,140.35,84.551,508.4,282.15
1976 Low,103.05,58.047,103.5,58.409,383,189.05
1976 Average,124.8018,69.3511,124.772,69.3294,435.3227,242.7109


1977,GOLD AM,,GOLD PM,,SILVER,
,$,£,$,£,¢,p
Jan High,136.1,79.754,135.7,79.44,453.4,264
Jan Low,129.4,75.128,129.75,75.789,431.3,250.35
Jan Avg,132.3063,77.1997,132.2638,77.1807,440.225,256.9225
Feb High,142.25,83.216,142.75,83.275,473.3,276.4
Feb Low,131.8,76.762,132.1,76.972,444.6,259.1
Feb Avg,136.1625,79.6095,136.2988,79.6628,453.195,265.1625
Mar High,153.6,89.385,153.55,89.362,497.5,289.7
Mar Low,142.1,83.022,141.4,82.468,471.8,275.8
Mar Avg,148.3391,86.3762,148.2283,86.295,485.7435,282.8826
Apr High,152.3,88.577,152.2,88.499,488.8,284.2
Apr Low,146.5,85.199,145.6,84.666,470.3,273.5
Apr Avg,149.1842,86.7688,149.1658,86.7509,479.2421,278.7711
May High,148.15,86.144,148.35,86.272,479,278.6
May Low,143.2,83.392,142.95,83.168,453.6,264.05
May Avg,146.5364,85.2627,146.6045,85.297,470.0136,273.4955
June High,143.75,83.619,143.85,83.668,458.5,266.7
June Low,137.2,79.805,137.1,79.737,433.3,252
June Avg,140.8275,81.9048,140.7775,81.8694,446.735,259.8375
July High,145.8,84.729,146.4,85.111,462.6,268.95
July Low,140.55,81.696,140.5,81.662,443,257.5
July Avg,143.3976,83.2634,143.3929,83.2303,452.8333,262.9952
Aug High,146.5,84.278,146.75,84.363,458.2,263.5
Aug Low,143.35,82.352,143.3,82.318,436.4,250.8
Aug Avg,145.0091,83.326,144.95,83.2986,446.9773,256.8886
Sept High,153.9,88.134,154.05,88.186,464.5,265.75
Sept Low,145.6,83.563,145.4253,83.462,444.7,255
Sept Avg,149.3341,85.6555,149.5239,85.7644,453.5455,260.1591
Oct High,163.65,92.087,163.25,92.008,487.7,274.25
Oct Low,153.6,87.273,153.95,87.477,463.5,263.35
Oct Avg,158.8476,89.7251,158.8595,89.6957,476.0214,268.8857
Nov High,168.15,92.365,167.95,92.356,496.8,273.3
Nov Low,156.65,86.356,156.15,86.118,470.3,259.3
Nov Avg,162.1318,89.06,162.1,89.1453,482.8409,265.4205
Dec High,165.6,88.04,166,88.203,479.8,263
Dec Low,157.35,84.662,157.6,84.369,466.2,246.9
 Dec Avg,160.48,86.5222,160.45,86.5231,472.2875,254.72
1997 High,168.15,92.365,167.95,92.356,497.5,289.7
1997 Low,129.4,75.128,129.75,75.789,431.3,246.9
1997 Average,147.8382,84.6247,147.7927,84.6208,463.519,265.621


1978,GOLD AM,,GOLD PM,,SILVER,
,$,£,$,£,¢,p
Jan High,177.1,90.923,177.5,90.923,505.2,259.5
Jan Low,166.3,86.595,165.7,82.189,481.8,250
Jan Avg,173.2071,89.4926,173.1786,89.2403,494.3905,254.75
Feb High,183.75,94.182,183.2,94.176,505.2,259.4
Feb Low,174,89.813,172.85,89.43,485.1,250.85
Feb Avg,178.36,91.901,178.155,91.812,496.25,255.7725
Mar High,188.8,98.623,190,98.61,547.9,288
Mar Low,177.25,93.304,177.3,93.34,498.5,256.85
Mar Avg,183.7714,96.241,183.6619,96.1805,525.7714,275.6048
Apr High,182.75,97.415,183.4,97.839,541.7,289.05
Apr Low,168,92.454,167.65,92.154,491.6,270.55
Apr Avg,175.3225,94.6667,175.275,94.6405,515.78,278.58
May High,184.9,101.465,184.15,100.843,546.6,299.75
May Low,169.15,92.558,168.9,92.346,497.7,272.35
May Avg,176.1905,96.8992,176.3071,96.9627,514.1524,282.8786
June High,186.35,101.387,186.5,101.497,545,298.55
June Low,181,98.452,180.55,98.339,524.5,283.7
June Avg,183.7614,100.0386,183.7523,100.0206,532.9591,290.2023
July High,198.9,103.942,201.3,104.691,559.8,292.6
July Low,183,97.941,182.75,97.832,523.6,277.7
July Avg,188.569,99.4896,188.7262,99.5587,535.2952,282.4643
Aug High,215.9,108.939,215.75,108.855,574.3,295.6
Aug Low,198.35,103.32,198,102.857,535.3,278.9
Aug Avg,206.4545,106.2441,206.3,106.1832,554.3227,285.3432
Sept High,219.1,110.768,218.4,110.638,573,289
Sept Low,205.7,106.335,205.65,106.255,547.1,283
Sept Avg,212.2119,108.4142,212.0762,108.2845,559.1857,285.581
Oct High,243.65,116.775,242.75,116.16,626.4,302.1
Oct Low,217,110.169,217.1,110.186,567.3,288.35
Oct Avg,227.4318,113.2909,227.3932,113.2968,594.4955,296.2273
Nov High,238.65,115.99,227.5,113.184,613.4,311.2
Nov Low,193.65,99.374,193.4,99.45,567.1,289
Nov Avg,207.0818,105.391,206.0727,105.0606,587.5591,299.3886
Dec High,224.5,110.265,226,110.676,602.8,307.05
Dec Low,194.05,100.196,194.65,100.435,584.1,295.35
 Dec Avg,207.8947,104.7264,207.8342,104.6596,592.5158,298.8605
1978 High,243.65,116.775,242.75,116.16,626.4,311.2
1978 Low,166.3,86.595,165.7,82.189,481.8,250
1978 Average,193.574,100.6811,193.4437,100.6059,542.1766,282.3579


1979,GOLD AM,,GOLD PM,,SILVER,
,$,£,$,£,¢,p
Jan High,235.1,117.709,236.1,118.091,671.1,336.4
Jan Low,216.55,108.71,216.85,108.621,593.5,296.4
Jan Avg,226.9864,113.1751,227.2705,113.2981,620.9773,309.6773
Feb High,254,126.067,252.35,125.547,785,390.85
Feb Low,229.9,116.094,229.35,115.728,661.5,334.1
Feb Avg,245.59,122.471,245.67,122.5852,734.815,366.5775
Mar High,249.3,123.306,248.8,122.967,772.6,380.2
Mar Low,238.75,116.081,238.15,115.878,712.6,348.35
Mar Avg,242.3477,118.9166,242.0477,118.7033,741.5455,363.9136
Apr High,243.45,118.53,245.3,118.761,765.1,371.75
Apr Low,231.75,110.959,231.9,111.037,733.1,351.8
Apr Avg,239.1737,115.3578,239.1605,115.2939,745.1421,359.3447
May High,277.15,134.499,274.6,133.32,894.6,435.8
May Low,245.9,118.295,246.3,118.738,788.6,381.35
May Avg,257.7381,125.2504,257.6167,125.1761,838.7619,407.7262
June High,284.5,136.888,283.85,136.566,882.3,417.2
June Low,273.6,127.467,272.9,127.319,829.4,393.4
June Avg,279.3595,132.4001,279.0667,132.2129,855.0762,405.269
July High,307,132.634,305.8,132.393,958.2,417.65
July Low,281.8,127.473,281.35,127.273,860.2,392.05
July Avg,295.0091,130.4996,294.7364,130.3555,916.2364,405.1727
Aug High,318.65,141.717,319.15,142.034,1038.6,462.2
Aug Low,282.5,126.37,282.7,125.477,878.2,390.2
Aug Avg,300.7932,134.3842,300.8182,134.3238,931.5136,416.15
Sept High,397,180.496,397.25,181.062,1830.3,850.5
Sept Low,319.3,141.93,322.9,143.46,1090.5,484.5
Sept Avg,354.4975,161.3961,355.115,161.5911,1374.955,626.9525
Oct High,437,199.071,426,194.609,1810,825
Oct Low,367.5,167.923,372,173.184,1490,682.55
Oct Avg,390.9587,181.9983,391.6565,182.4625,1668.3826,777.2565
Nov High,417.2,190.008,415.65,189.624,1900,865.6
Nov Low,373,178.164,372.8,177.989,1601.5,744.45
Nov Avg,391.5182,183.7395,391.9932,183.6808,1661.7364,780.2977
Dec High,524,235.189,512,229.391,3220,1446.85
Dec Low,427.25,193.876,426.4,193.418,1900.9,876.15
 Dec Avg,463.6658,210.6709,455.0844,207.0912,2238.8053,1016.9237
1979 High,524,235.189,512,229.391,3220,1446.85
1979 Low,216.55,108.71,216.85,108.621,593.5,296.4
1979 Average,307.0087,144.0484,304.6824,143.0293,1106.7905,517.882


1980,GOLD AM,,GOLD PM,,SILVER,
,$,£,$,£,¢,p
Jan High,843,367.753,850,371.066,4945,2165.05
Jan Low,559,251.123,559.5,250.841,3275,1463.05
Jan Avg,674.5795,297.7104,675.3091,297.7324,3928.4318,1733.5523
Feb High,714.5,309.736,710.5,308.296,4025,1743.9
Feb Low,625,274.58,606,265.789,3000,1316.95
Feb Avg,665.8929,290.5284,665.3214,290.3975,3559.8095,1553.6857
Mar High,641.75,286.291,643.5,286.382,3631,1622.1
Mar Low,474,217.033,481.5,219.013,1349.4,622.4
Mar Avg,554.2762,250.7593,553.581,250.5183,2473.5476,1117.681
Apr High,552,250.515,554,253.257,1760,805.5
Apr Low,491.25,220.336,485.75,223.719,1356,599.8
Apr Avg,516.71,233.1782,517.41,233.4459,1497.825,676.92
May High,531.4,228.167,535.5,229.308,1398,592.6
May Low,507.5,217.789,490,215.577,1089,467.8
May Avg,514.2675,223.3956,513.82,223.0606,1266.435,549.905
June High,662.5,280.78,653.5,277.106,1785,758.9
June Low,554.5,237.555,552.5,237.43,1416.7,605.8
June Avg,600.7857,256.9786,600.7167,256.8948,1580.7762,676.1119
July High,688.75,289.051,687.5,289.169,1746,733.2
July Low,610,256.642,606,255.083,1536.1,646.8
July Avg,645.75,272.127,644.2826,271.5349,1631.8,687.7543
Aug High,640.5,270.481,645.25,272.372,1622.5,685.6
Aug Low,609.75,256.986,605,254.898,1548.1,653.9
Aug Avg,626.36,264.3412,627.1475,264.5018,1591.96,671.6425
Sept High,720.5,298.628,711,296.204,2354,978.8
Sept Low,626.25,260.558,628.75,260.676,1599,665.7
Sept Avg,673.9409,280.4612,673.625,280.3075,1989.2136,828.0614
Oct High,683.5,285.168,690,288.124,2175.2,908.8
Oct Low,628,255.544,629,258.157,1864,767.4
Oct Avg,662.2696,274.112,661.1478,273.5936,2021.6261,836.6652
Nov High,655,269.754,652,268.507,2010,821.9
Nov Low,598.75,248.537,596,247.047,1750,720.9
Nov Avg,623.875,259.9777,623.4625,259.9913,1862.825,776.5925
Dec High,635.5,269.737,635,270.213,1890.2,804.35
Dec Low,553.5,239.041,558,240.777,1430,618.5
 Dec Avg,596.7119,254.2018,594.9211,253.8636,1642.3857,700.7595
1980 High,843,367.753,850,371.066,4945,2165.05
1980 Low,474,217.033,481.5,215.577,1089,467.8
1980 Average,614.7526,263.7912,614.499,263.6994,2098.3654,905.2415
